1644030901, 10.199.154.21, 10.199.200.114 1644030902, 10.199.200.114, 10.199.159.80
1644030901, 10.199.159.1, 10.199.200.114 1644030902, 10.199.200.114, 10.199.159.80
1644030901, 10.199.158.143, 10.199.200.114 1644030902, 10.199.200.114, 10.199.159.80
1644030901, 10.199.157.0, 10.199.200.114 1644030902, 10.199.200.114, 10.199.159.80
1644030901, 10.199.154.173, 10.199.200.114 1644030902, 10.199.200.114, 10.199.159.80
1644030901, 10.199.156.116, 10.199.200.114 1644030902, 10.199.200.114, 10.199.159.80
1644030901, 10.199.157.133, 10.199.200.114 1644030902, 10.199.200.114, 10.199.159.80
1644030901, 10.199.184.148, 10.199.200.114 1644030902, 10.199.200.114, 10.199.159.80
1644030901, 10.199.157.119, 10.199.200.114 1644030902, 10.199.200.114, 10.199.159.80
1644030901, 10.199.154.10, 10.199.200.114 1644030902, 10.199.200.114, 10.199.159.80
1644030901, 10.199.157.65, 10.199.200.114 1644030902, 10.199.200.114, 10.199.159.80
1644030901, 10.199.157.69, 10.199.200.114 1644030902, 10.199.200.114, 10.199.159.80
1644030901, 10.199.159.50, 10.199.200.114 1644030902, 10.199.200.114, 10.199.159.80
1644030901, 10.199.157.221, 10.199.200.114 1644030902, 10.199.200.114, 10.199.159.80
1644030901, 10.199.157.218, 10.199.200.114 1644030902, 10.199.200.114, 10.199.159.80
1644030901, 10.199.159.100, 10.199.200.114 1644030902, 10.199.200.114, 10.199.159.80
1644030901, 10.199.185.2, 10.199.200.114 1644030902, 10.199.200.114, 10.199.159.80
1644030901, 10.199.157.43, 10.199.200.114 1644030902, 10.199.200.114, 10.199.159.80
1644030901, 10.199.157.207, 10.199.200.114 1644030902, 10.199.200.114, 10.199.159.80
1644030901, 10.199.158.108, 10.199.200.114 1644030902, 10.199.200.114, 10.199.159.80
1644030901, 10.199.157.62, 10.199.200.114 1644030902, 10.199.200.114, 10.199.159.80